,timestamp,accX,accY,accZ,username
0,1573459376190,1.485000,-1.897000,1.062000,t1leva
1,1573459376209,6.077000,-1.669000,2.077000,t1leva
2,1573459376230,6.639000,-1.278000,1.884000,t1leva
3,1573459376249,7.778000,-0.570000,0.393000,t1leva
4,1573459376269,7.220000,0.466000,0.790000,t1leva
5,1573459376290,7.388000,1.491000,1.232000,t1leva
6,1573459376310,8.544000,1.262000,0.496000,t1leva
7,1573459376330,5.638000,-0.483000,1.268000,t1leva
8,1573459376349,9.539000,0.869000,0.098000,t1leva
9,1573459376369,10.133000,-0.874000,0.197000,t1leva
10,1573459376389,8.025000,-3.616000,-0.333000,t1leva
11,1573459376410,5.680000,-4.482000,-1.002000,t1leva
12,1573459376429,7.815000,-5.515000,2.512000,t1leva
13,1573459376449,10.918000,-7.564000,3.949000,t1leva
14,1573459376469,17.020000,-9.003000,1.299000,t1leva
15,1573459376490,19.600000,-6.523000,-0.850000,t1leva
16,1573459376509,19.600000,-9.229000,0.484000,t1leva
17,1573459376530,11.928000,-9.775000,3.158000,t1leva
18,1573459376549,5.809000,-8.671000,3.418000,t1leva
19,1573459376569,6.482000,-8.284000,3.703000,t1leva
20,1573459376590,8.251000,-7.832000,2.170000,t1leva
21,1573459376610,9.493000,-6.594000,0.836000,t1leva
22,1573459376629,8.410000,-5.937000,-0.868000,t1leva
23,1573459376654,5.185000,-5.257000,-1.134000,t1leva
24,1573459376669,1.213000,-5.449000,-1.530000,t1leva
25,1573459376689,1.451000,-5.314000,0.023000,t1leva
26,1573459376709,3.953000,-5.213000,0.474000,t1leva
27,1573459376729,3.217000,-5.327000,0.949000,t1leva
28,1573459376750,4.536000,-5.201000,3.349000,t1leva
29,1573459376769,5.930000,-4.575000,3.978000,t1leva
30,1573459376790,6.759000,-4.914000,4.867000,t1leva
31,1573459376809,8.507000,-4.782000,7.039000,t1leva
32,1573459376829,11.908000,-4.588000,8.027000,t1leva
33,1573459376850,10.436000,-5.123000,5.479000,t1leva
34,1573459376870,9.176000,-5.244000,3.614000,t1leva
35,1573459376890,8.630000,-4.096000,4.104000,t1leva
36,1573459376910,11.016000,-4.899000,3.911000,t1leva
37,1573459376929,12.809000,-9.298000,-0.316000,t1leva
38,1573459376949,16.573000,-11.747000,-1.935000,t1leva
39,1573459376970,4.829000,-10.884000,3.940000,t1leva
40,1573459376990,3.180000,-7.830000,7.138000,t1leva
41,1573459377009,8.225000,-7.275000,1.182000,t1leva
42,1573459377030,9.318000,-7.619000,-2.453000,t1leva
43,1573459377049,7.957000,-7.546000,-2.645000,t1leva
44,1573459377070,6.165000,-6.399000,1.308000,t1leva
45,1573459377090,7.011000,-4.973000,3.360000,t1leva
46,1573459377110,7.048000,-5.241000,3.136000,t1leva
47,1573459377130,6.869000,-5.860000,3.151000,t1leva
48,1573459377150,6.287000,-5.649000,3.486000,t1leva
49,1573459377170,6.213000,-5.294000,5.141000,t1leva
50,1573459377190,7.193000,-5.273000,3.467000,t1leva
51,1573459377211,6.978000,-4.807000,4.334000,t1leva
52,1573459377230,6.328000,-4.405000,4.876000,t1leva
53,1573459377250,5.963000,-4.054000,5.409000,t1leva
54,1573459377269,5.276000,-3.472000,6.060000,t1leva
55,1573459377290,4.812000,-3.082000,5.632000,t1leva
56,1573459377311,5.869000,-2.894000,5.708000,t1leva
57,1573459377330,6.133000,-3.061000,5.295000,t1leva
58,1573459377350,5.581000,-3.432000,5.410000,t1leva
59,1573459377370,6.239000,-3.761000,7.037000,t1leva
60,1573459377389,6.637000,-3.662000,7.604000,t1leva
61,1573459377409,7.886000,-3.433000,6.435000,t1leva
62,1573459377429,7.836000,-3.258000,5.939000,t1leva
63,1573459377449,7.297000,-2.827000,6.524000,t1leva
64,1573459377470,9.130000,-3.447000,6.194000,t1leva
65,1573459377490,9.103000,-5.990000,4.727000,t1leva
66,1573459377510,10.176000,-7.303000,6.057000,t1leva
67,1573459377530,11.834000,-8.235000,5.405000,t1leva
68,1573459377550,11.613000,-9.516000,6.329000,t1leva
69,1573459377570,10.451000,-9.265000,5.896000,t1leva
70,1573459377590,7.604000,-7.422000,4.728000,t1leva
71,1573459377610,5.150000,-6.182000,6.856000,t1leva
72,1573459377630,2.656000,-5.001000,4.744000,t1leva
73,1573459377650,1.463000,-3.766000,0.172000,t1leva
74,1573459377670,2.472000,-2.729000,0.777000,t1leva
75,1573459377690,6.540000,-1.917000,6.423000,t1leva
76,1573459377710,9.922000,-2.788000,4.186000,t1leva
77,1573459377730,7.806000,-5.144000,-3.405000,t1leva
78,1573459377750,2.904000,-7.429000,1.277000,t1leva
79,1573459377769,0.789000,-9.652000,3.832000,t1leva
80,1573459377789,3.248000,-9.827000,2.668000,t1leva
81,1573459377810,4.656000,-10.353000,3.095000,t1leva
82,1573459377830,3.036000,-10.100000,1.999000,t1leva
83,1573459377849,1.496000,-8.745000,1.794000,t1leva
84,1573459377869,1.876000,-7.836000,3.978000,t1leva
85,1573459377889,4.746000,-7.457000,6.347000,t1leva
86,1573459377910,7.406000,-6.345000,1.992000,t1leva
87,1573459377929,9.060000,-4.653000,2.220000,t1leva
88,1573459377949,6.694000,-5.113000,1.556000,t1leva
89,1573459377969,5.921000,-6.495000,1.380000,t1leva
90,1573459377989,6.293000,-13.356000,1.213000,t1leva
91,1573459378009,6.954000,-16.459999,-0.675000,t1leva
92,1573459378029,7.209000,-17.518999,-5.993000,t1leva
93,1573459378050,5.625000,-10.482000,0.411000,t1leva
94,1573459378069,6.002000,-10.939000,2.062000,t1leva
95,1573459378090,-0.025000,-16.134001,6.112000,t1leva
96,1573459378109,-4.158000,-17.271000,6.744000,t1leva
97,1573459378175,1.253000,-5.589000,-15.260000,t1leva
98,1573459378195,-2.729000,-6.214000,0.454000,t1leva
99,1573459378215,-2.729000,-6.214000,0.454000,t1leva
100,1573459378242,-2.729000,-6.214000,0.454000,t1leva
101,1573459378262,-2.800000,-6.916000,2.118000,t1leva
102,1573459378282,0.850000,-8.512000,-2.108000,t1leva
103,1573459378302,2.660000,-8.815000,-1.953000,t1leva
104,1573459378322,3.217000,-8.629000,-1.265000,t1leva
105,1573459378342,2.206000,-8.024000,-1.765000,t1leva
106,1573459378362,0.164000,-9.531000,-0.638000,t1leva
107,1573459378382,0.207000,-11.008000,0.652000,t1leva
108,1573459378403,1.346000,-10.503000,0.793000,t1leva
109,1573459378421,2.647000,-9.157000,-0.189000,t1leva
110,1573459378441,2.479000,-8.814000,-0.385000,t1leva
111,1573459378462,1.388000,-10.690000,0.072000,t1leva
112,1573459378482,0.723000,-12.993000,2.487000,t1leva
113,1573459378502,0.459000,-12.511000,0.570000,t1leva
114,1573459378521,1.959000,-10.559000,-1.006000,t1leva
115,1573459378542,3.172000,-9.517000,-1.498000,t1leva
116,1573459378561,3.192000,-9.637000,-1.332000,t1leva
117,1573459378581,3.510000,-10.129000,-1.979000,t1leva
118,1573459378601,3.512000,-11.225000,-1.925000,t1leva
119,1573459378621,2.455000,-12.806000,1.750000,t1leva
120,1573459378642,2.221000,-12.507000,5.110000,t1leva
121,1573459378662,3.962000,-7.322000,2.312000,t1leva
122,1573459378682,2.682000,-10.620000,1.152000,t1leva
123,1573459378702,1.853000,-13.213000,-0.495000,t1leva
124,1573459378721,-0.735000,-16.490999,-1.864000,t1leva
125,1573459378742,-2.833000,-19.600000,-0.571000,t1leva
126,1573459378762,-3.387000,-19.586000,2.604000,t1leva
127,1573459378782,-1.954000,-12.482000,-0.068000,t1leva
128,1573459378802,-5.240000,-8.576000,2.136000,t1leva
129,1573459378822,-7.391000,-9.188000,1.232000,t1leva
130,1573459378842,-4.946000,-9.757000,-0.498000,t1leva
131,1573459378862,-2.418000,-10.077000,-1.700000,t1leva
132,1573459378882,-0.860000,-7.513000,0.567000,t1leva
133,1573459378902,1.121000,-5.567000,0.385000,t1leva
134,1573459378923,3.076000,-4.827000,-0.586000,t1leva
135,1573459378943,2.885000,-6.045000,-0.949000,t1leva
136,1573459378961,0.842000,-7.004000,-0.457000,t1leva
137,1573459378982,-2.240000,-6.797000,0.292000,t1leva
138,1573459379002,-3.717000,-4.651000,0.579000,t1leva
139,1573459379022,-1.698000,-3.048000,0.160000,t1leva
140,1573459379043,-0.011000,-4.764000,1.220000,t1leva
141,1573459379061,2.033000,-7.207000,7.846000,t1leva
142,1573459379082,12.240000,-8.686000,2.686000,t1leva
143,1573459379102,8.680000,-17.500000,6.879000,t1leva
144,1573459379122,3.699000,-10.978000,4.568000,t1leva
145,1573459379142,3.297000,-6.868000,8.921000,t1leva
146,1573459379162,-2.504000,-11.739000,0.516000,t1leva
147,1573459379182,-5.689000,-19.568001,2.861000,t1leva
148,1573459379201,0.839000,-19.600000,3.573000,t1leva
149,1573459379222,1.336000,-16.989000,-6.787000,t1leva
150,1573459379242,-1.091000,-1.153000,2.299000,t1leva
151,1573459379262,-5.520000,-3.754000,-0.015000,t1leva
152,1573459379282,-3.355000,-9.304000,-6.759000,t1leva
153,1573459379301,-1.664000,-12.786000,-4.927000,t1leva
154,1573459379322,0.836000,-12.887000,-2.321000,t1leva
155,1573459379342,2.989000,-10.510000,-0.087000,t1leva
156,1573459379362,4.269000,-8.257000,5.533000,t1leva
157,1573459379382,-0.390000,-8.624000,4.009000,t1leva
158,1573459379402,-1.070000,-8.448000,-0.026000,t1leva
159,1573459379422,-0.293000,-8.536000,-1.889000,t1leva
160,1573459379441,-0.008000,-8.232000,-0.539000,t1leva
161,1573459379461,0.297000,-8.265000,-1.718000,t1leva
162,1573459379482,-0.035000,-7.227000,-3.259000,t1leva
163,1573459379502,-0.332000,-6.937000,-4.027000,t1leva
164,1573459379522,-3.254000,-8.303000,1.658000,t1leva
165,1573459379542,1.823000,-7.642000,3.232000,t1leva
166,1573459379562,4.071000,-8.265000,0.349000,t1leva
167,1573459379581,2.549000,-9.811000,0.195000,t1leva
168,1573459379601,0.604000,-11.744000,1.396000,t1leva
169,1573459379622,0.127000,-13.966000,-0.126000,t1leva
170,1573459379641,-0.074000,-13.866000,-0.449000,t1leva
171,1573459379661,1.480000,-13.218000,-2.224000,t1leva
172,1573459379682,2.047000,-14.522000,1.088000,t1leva
173,1573459379701,1.463000,-13.111000,5.305000,t1leva
174,1573459379723,0.869000,-10.909000,7.446000,t1leva
175,1573459379742,0.326000,-11.237000,6.283000,t1leva
176,1573459379762,2.362000,-12.468000,0.748000,t1leva
177,1573459379782,3.388000,-14.498000,-4.454000,t1leva
178,1573459379802,0.955000,-16.926001,-6.128000,t1leva
179,1573459379822,-5.150000,-19.594000,-8.605000,t1leva
180,1573459379841,-7.200000,-16.913000,-4.610000,t1leva
181,1573459379862,-5.050000,-10.774000,6.849000,t1leva
182,1573459379882,-4.470000,-8.018000,11.351000,t1leva
183,1573459379902,-5.506000,-9.398000,4.816000,t1leva
184,1573459379922,-3.321000,-8.539000,-1.147000,t1leva
185,1573459379942,3.122000,-6.255000,-4.897000,t1leva
186,1573459379962,4.762000,-6.056000,-1.896000,t1leva
187,1573459379981,1.903000,-6.511000,5.004000,t1leva
188,1573459380001,-1.091000,-5.412000,6.695000,t1leva
189,1573459380022,-5.448000,-5.300000,-1.127000,t1leva
190,1573459380042,-5.305000,-3.894000,-5.363000,t1leva
191,1573459380063,-2.508000,-3.692000,-0.486000,t1leva
192,1573459380082,0.752000,-6.481000,5.172000,t1leva
193,1573459380102,8.510000,-7.884000,13.668000,t1leva
194,1573459380121,19.235001,-8.350000,4.304000,t1leva
195,1573459380143,12.490000,-17.041000,5.337000,t1leva
196,1573459380163,6.481000,-16.247000,3.912000,t1leva
197,1573459380183,6.467000,-7.504000,8.780000,t1leva
198,1573459380201,-1.231000,-9.711000,1.106000,t1leva
199,1573459380223,-8.802000,-19.600000,1.122000,t1leva
200,1573459380241,-5.741000,-19.600000,3.145000,t1leva
201,1573459380261,-3.164000,-17.049999,-5.641000,t1leva
202,1573459380283,-4.883000,-5.070000,4.554000,t1leva
203,1573459380301,-1.585000,-4.203000,-4.647000,t1leva
204,1573459380321,-0.466000,-7.830000,-5.064000,t1leva
205,1573459380343,1.266000,-9.692000,-4.804000,t1leva
206,1573459380363,3.362000,-11.410000,-8.847000,t1leva
207,1573459380383,3.850000,-10.823000,-3.457000,t1leva
208,1573459380403,0.635000,-8.586000,1.186000,t1leva
209,1573459380422,-0.309000,-6.825000,2.635000,t1leva
210,1573459380443,-0.713000,-6.816000,4.334000,t1leva
211,1573459380462,-0.846000,-7.627000,3.717000,t1leva
212,1573459380483,-0.056000,-8.480000,1.243000,t1leva
213,1573459380502,0.955000,-8.816000,-1.137000,t1leva
214,1573459380521,-0.404000,-9.839000,-2.537000,t1leva
215,1573459380541,-0.125000,-8.769000,-1.801000,t1leva
216,1573459380563,0.742000,-7.811000,-0.439000,t1leva
217,1573459380583,2.896000,-8.174000,1.112000,t1leva
218,1573459380603,5.275000,-8.786000,1.999000,t1leva
219,1573459380623,4.553000,-9.767000,0.339000,t1leva
220,1573459380642,5.278000,-11.085000,-0.665000,t1leva
221,1573459380661,6.636000,-12.011000,-2.202000,t1leva
222,1573459380682,6.614000,-10.961000,-2.362000,t1leva
223,1573459380703,6.548000,-10.815000,-2.849000,t1leva
224,1573459380722,7.413000,-11.801000,-1.036000,t1leva
225,1573459380741,7.728000,-11.081000,2.136000,t1leva
226,1573459380761,7.827000,-7.831000,5.394000,t1leva
227,1573459380781,6.833000,-6.642000,1.421000,t1leva
228,1573459380801,6.893000,-8.996000,-2.176000,t1leva
229,1573459380823,4.342000,-16.931999,-1.540000,t1leva
230,1573459380843,1.082000,-19.600000,-1.846000,t1leva
231,1573459380863,-4.371000,-19.600000,-0.872000,t1leva
232,1573459380883,-6.837000,-19.600000,-4.267000,t1leva
233,1573459380902,-5.721000,-13.636000,-2.175000,t1leva
234,1573459380922,-2.677000,-6.940000,0.738000,t1leva
235,1573459380942,0.036000,-3.717000,4.304000,t1leva
236,1573459380963,1.707000,-2.692000,4.523000,t1leva
237,1573459380981,4.379000,-3.390000,1.771000,t1leva
238,1573459381002,6.183000,-4.612000,0.310000,t1leva
239,1573459381022,1.823000,-6.817000,-0.070000,t1leva
240,1573459381043,-3.149000,-7.526000,-3.059000,t1leva
241,1573459381063,-6.764000,-6.800000,-5.381000,t1leva
242,1573459381082,-6.259000,-4.827000,-3.001000,t1leva
243,1573459381102,-2.930000,-5.294000,4.141000,t1leva
244,1573459381123,4.465000,-6.745000,12.988000,t1leva
245,1573459381143,14.078000,-6.646000,3.041000,t1leva
246,1573459381162,19.013000,-9.153000,-6.452000,t1leva
247,1573459381183,13.275000,-14.768000,-3.560000,t1leva
248,1573459381202,11.515000,-6.688000,5.393000,t1leva
249,1573459381225,-0.243000,-9.703000,-0.872000,t1leva
250,1573459381242,-5.111000,-9.703000,5.450000,t1leva
251,1573459381261,-0.985000,-18.548000,4.293000,t1leva
252,1573459381281,5.449000,-19.600000,-4.663000,t1leva
253,1573459381301,-5.276000,-8.604000,8.111000,t1leva
254,1573459381322,-4.996000,-6.660000,-0.809000,t1leva
255,1573459381343,-4.141000,-7.148000,-4.307000,t1leva
256,1573459381362,-0.096000,-9.158000,-3.815000,t1leva
257,1573459381382,2.586000,-11.556000,-4.770000,t1leva
258,1573459381403,4.154000,-11.904000,-4.642000,t1leva
259,1573459381423,3.866000,-10.968000,-5.820000,t1leva
260,1573459381442,3.839000,-8.555000,-2.874000,t1leva
261,1573459381462,2.208000,-6.660000,0.684000,t1leva
262,1573459381481,2.261000,-5.411000,0.069000,t1leva
263,1573459381502,1.773000,-6.016000,0.628000,t1leva
264,1573459381522,0.910000,-7.927000,-0.512000,t1leva
265,1573459381542,0.524000,-9.269000,-2.542000,t1leva
266,1573459381562,-0.433000,-10.480000,-0.119000,t1leva
267,1573459381582,-1.352000,-9.873000,3.411000,t1leva
268,1573459381602,-1.818000,-8.889000,2.409000,t1leva
269,1573459381622,1.276000,-8.607000,0.027000,t1leva
270,1573459381641,5.141000,-7.909000,-2.776000,t1leva
271,1573459381707,9.233000,-11.173000,-2.519000,t1leva
272,1573459381728,5.533000,-10.610000,4.402000,t1leva
273,1573459381747,5.533000,-10.610000,4.402000,t1leva
274,1573459381774,5.533000,-10.610000,4.402000,t1leva
275,1573459381794,6.067000,-7.907000,1.323000,t1leva
276,1573459381814,6.441000,-6.271000,-1.986000,t1leva
277,1573459381834,5.412000,-6.638000,-2.265000,t1leva
278,1573459381854,5.471000,-15.413000,-0.043000,t1leva
279,1573459381874,3.726000,-19.600000,-1.087000,t1leva
280,1573459381893,-0.698000,-19.600000,-3.538000,t1leva
281,1573459381914,-6.733000,-19.600000,-1.649000,t1leva
282,1573459381934,-5.263000,-16.509001,2.099000,t1leva
283,1573459381954,-3.862000,-9.094000,0.528000,t1leva
284,1573459381973,-0.740000,-4.396000,-0.919000,t1leva
285,1573459381994,1.042000,-2.915000,3.797000,t1leva
286,1573459382014,3.558000,-2.373000,4.504000,t1leva
287,1573459382034,6.288000,-2.812000,1.161000,t1leva
288,1573459382054,3.247000,-5.363000,-1.238000,t1leva
289,1573459382074,-2.357000,-6.966000,-3.504000,t1leva
290,1573459382094,-7.267000,-7.392000,-6.395000,t1leva
291,1573459382114,-8.104000,-5.931000,-2.148000,t1leva
292,1573459382134,-5.063000,-6.098000,6.041000,t1leva
293,1573459382154,2.324000,-7.378000,11.200000,t1leva
294,1573459382174,11.654000,-7.655000,4.995000,t1leva
295,1573459382193,19.600000,-5.650000,-12.388000,t1leva
296,1573459382214,18.451000,-13.597000,-3.016000,t1leva
297,1573459382233,10.564000,-14.754000,-0.532000,t1leva
298,1573459382254,11.413000,-8.144000,-0.077000,t1leva
299,1573459382274,4.061000,-12.750000,-5.431000,t1leva
300,1573459382293,-2.780000,-19.600000,5.232000,t1leva
301,1573459382314,-2.601000,-13.553000,-1.898000,t1leva
302,1573459382334,-3.449000,-4.935000,0.184000,t1leva
303,1573459382353,-3.467000,-5.981000,-0.549000,t1leva
304,1573459382374,-0.768000,-9.154000,-1.499000,t1leva
305,1573459382394,2.059000,-11.417000,-2.035000,t1leva
306,1573459382414,3.316000,-11.781000,-3.905000,t1leva
307,1573459382434,2.767000,-10.991000,-4.775000,t1leva
308,1573459382453,2.514000,-9.199000,-3.314000,t1leva
309,1573459382473,1.692000,-7.501000,-1.576000,t1leva
310,1573459382494,0.920000,-6.343000,-0.979000,t1leva
311,1573459382514,1.809000,-5.842000,-0.512000,t1leva
312,1573459382533,1.914000,-6.238000,-1.220000,t1leva
313,1573459382553,1.182000,-8.108000,-3.155000,t1leva
314,1573459382575,0.304000,-10.183000,-2.935000,t1leva
315,1573459382594,0.602000,-10.689000,-2.212000,t1leva
316,1573459382614,1.214000,-9.155000,0.069000,t1leva
317,1573459382634,0.757000,-7.475000,2.319000,t1leva
318,1573459382653,0.973000,-7.080000,2.041000,t1leva
319,1573459382674,2.976000,-7.977000,-0.489000,t1leva
320,1573459382694,6.245000,-9.668000,0.969000,t1leva
321,1573459382714,7.698000,-11.116000,-3.658000,t1leva
322,1573459382734,8.592000,-10.646000,-2.877000,t1leva
323,1573459382754,8.470000,-10.442000,-3.083000,t1leva
324,1573459382774,10.371000,-11.345000,3.899000,t1leva
325,1573459382794,7.734000,-8.778000,3.289000,t1leva
326,1573459382813,6.465000,-7.781000,-1.088000,t1leva
327,1573459382833,5.470000,-9.291000,-1.324000,t1leva
328,1573459382854,5.229000,-12.747000,-2.400000,t1leva
329,1573459382874,5.081000,-17.593000,-1.192000,t1leva
330,1573459382894,2.514000,-19.600000,-2.354000,t1leva
331,1573459382914,-0.753000,-19.600000,-4.866000,t1leva
332,1573459382934,-2.326000,-19.377001,-5.097000,t1leva
333,1573459382954,-1.860000,-12.449000,-1.374000,t1leva
334,1573459382974,0.223000,-4.843000,7.897000,t1leva
335,1573459382995,0.514000,-3.600000,0.592000,t1leva
336,1573459383013,0.827000,-5.133000,1.536000,t1leva
337,1573459383033,1.560000,-7.026000,2.080000,t1leva
338,1573459383053,1.812000,-7.511000,-0.960000,t1leva
339,1573459383073,1.128000,-6.485000,-2.918000,t1leva
340,1573459383094,-2.724000,-6.520000,-1.657000,t1leva
341,1573459383114,-7.096000,-6.207000,-0.254000,t1leva
342,1573459383134,-5.728000,-6.125000,2.604000,t1leva
343,1573459383153,0.102000,-7.170000,3.082000,t1leva
344,1573459383174,10.424000,-7.848000,-3.583000,t1leva
345,1573459383193,13.347000,-8.037000,-6.794000,t1leva
346,1573459383214,14.095000,-10.413000,-5.597000,t1leva
347,1573459383234,14.769000,-8.705000,-1.532000,t1leva
348,1573459383254,11.567000,-5.327000,-4.117000,t1leva
349,1573459383273,1.712000,-9.398000,-4.415000,t1leva
350,1573459383293,-0.973000,-19.587000,3.345000,t1leva
351,1573459383313,2.943000,-19.600000,6.382000,t1leva
352,1573459383334,3.538000,-15.584000,4.364000,t1leva
353,1573459383354,-6.417000,-6.295000,1.236000,t1leva
354,1573459383374,-5.807000,-7.359000,-6.197000,t1leva
355,1573459383394,-1.217000,-8.948000,-4.733000,t1leva
356,1573459383414,-0.875000,-13.193000,-2.075000,t1leva
357,1573459383434,0.086000,-12.887000,-2.605000,t1leva
358,1573459383454,2.494000,-10.775000,-4.717000,t1leva
359,1573459383474,2.624000,-9.688000,-4.165000,t1leva
360,1573459383494,2.385000,-8.256000,-4.055000,t1leva
361,1573459383514,1.653000,-6.866000,-2.008000,t1leva
362,1573459383533,1.761000,-5.692000,1.368000,t1leva
363,1573459383554,1.060000,-6.122000,0.864000,t1leva
364,1573459383575,1.971000,-9.444000,-1.960000,t1leva
365,1573459383593,1.219000,-10.209000,-1.070000,t1leva
366,1573459383613,-1.153000,-9.398000,-0.281000,t1leva
367,1573459383634,-0.556000,-6.919000,-2.744000,t1leva
368,1573459383654,4.586000,-4.957000,-1.795000,t1leva
369,1573459383674,9.456000,-5.506000,-1.049000,t1leva
370,1573459383693,7.870000,-8.591000,0.489000,t1leva
371,1573459383713,9.236000,-11.406000,-0.737000,t1leva
372,1573459383734,5.414000,-12.188000,-1.430000,t1leva
373,1573459383754,4.421000,-11.633000,-5.049000,t1leva
374,1573459383774,5.125000,-12.437000,1.244000,t1leva
375,1573459383794,6.237000,-9.649000,3.377000,t1leva
376,1573459383814,7.530000,-7.080000,1.181000,t1leva
377,1573459383834,6.987000,-5.448000,-0.634000,t1leva
378,1573459383854,3.309000,-6.259000,-2.129000,t1leva
379,1573459383874,5.732000,-9.102000,-1.416000,t1leva
380,1573459383894,6.734000,-13.936000,-0.678000,t1leva
381,1573459383914,6.352000,-19.253000,-3.518000,t1leva
382,1573459383934,4.178000,-19.600000,-7.828000,t1leva
383,1573459383953,-1.435000,-19.600000,-6.740000,t1leva
384,1573459383973,-2.502000,-18.211000,-3.634000,t1leva
385,1573459383995,2.118000,-3.695000,7.739000,t1leva
386,1573459384014,1.767000,-3.250000,7.903000,t1leva
387,1573459384033,1.805000,-4.935000,4.230000,t1leva
388,1573459384054,3.056000,-5.635000,0.690000,t1leva
389,1573459384073,1.810000,-6.147000,-2.609000,t1leva
390,1573459384093,-3.955000,-7.046000,-7.243000,t1leva
391,1573459384114,-8.390000,-7.279000,-5.212000,t1leva
392,1573459384134,-8.783000,-7.230000,3.541000,t1leva
393,1573459384153,-2.380000,-7.938000,11.834000,t1leva
394,1573459384174,6.158000,-8.404000,10.110000,t1leva
395,1573459384194,11.454000,-6.358000,-5.856000,t1leva
396,1573459384217,17.344000,-6.015000,-11.347000,t1leva
397,1573459384233,16.796000,-10.857000,-4.265000,t1leva
398,1573459384254,11.833000,-10.738000,-3.692000,t1leva
399,1573459384274,11.679000,-6.013000,-4.444000,t1leva
400,1573459384294,3.609000,-10.383000,-5.096000,t1leva
401,1573459384314,-0.343000,-19.257000,1.355000,t1leva
402,1573459384334,3.548000,-19.600000,15.490000,t1leva
403,1573459384354,-0.097000,-17.834999,1.297000,t1leva
404,1573459384374,-7.155000,-8.133000,-0.703000,t1leva
405,1573459384394,-5.593000,-7.685000,-1.605000,t1leva
406,1573459384414,-2.775000,-8.193000,-3.466000,t1leva
407,1573459384434,-0.461000,-10.878000,-3.862000,t1leva
408,1573459384454,0.681000,-12.434000,-6.770000,t1leva
409,1573459384473,1.706000,-9.356000,-5.665000,t1leva
410,1573459384495,1.386000,-7.627000,-3.273000,t1leva
411,1573459384514,1.543000,-5.595000,-1.664000,t1leva
412,1573459384534,2.324000,-4.721000,-2.089000,t1leva
413,1573459384553,3.358000,-5.927000,-3.472000,t1leva
414,1573459384573,3.341000,-8.747000,-2.686000,t1leva
415,1573459384594,1.743000,-11.968000,1.247000,t1leva
416,1573459384614,1.056000,-11.188000,4.901000,t1leva
417,1573459384634,0.375000,-8.110000,5.755000,t1leva
418,1573459384654,1.165000,-7.608000,2.067000,t1leva
419,1573459384674,4.504000,-7.917000,-3.327000,t1leva
420,1573459384694,5.789000,-7.726000,-0.553000,t1leva
421,1573459384714,5.738000,-8.634000,-1.365000,t1leva
422,1573459384734,7.343000,-9.769000,-5.302000,t1leva
423,1573459384754,7.792000,-10.178000,-4.874000,t1leva
424,1573459384774,7.899000,-11.159000,-3.067000,t1leva
425,1573459384793,8.837000,-12.938000,-0.969000,t1leva
426,1573459384814,7.928000,-9.821000,7.954000,t1leva
427,1573459384834,6.726000,-6.957000,-0.355000,t1leva
428,1573459384854,6.104000,-6.237000,-2.307000,t1leva
429,1573459384874,5.183000,-11.971000,-1.417000,t1leva
430,1573459384894,4.900000,-17.306000,0.303000,t1leva
431,1573459384913,3.679000,-19.600000,-2.327000,t1leva
432,1573459384933,0.054000,-19.600000,-6.503000,t1leva
433,1573459384953,-3.006000,-19.600000,-5.315000,t1leva
434,1573459384973,-3.389000,-14.597000,-2.810000,t1leva
435,1573459384994,-2.969000,-8.740000,-0.261000,t1leva
436,1573459385014,-0.964000,-4.103000,11.726000,t1leva
437,1573459385033,0.480000,-4.002000,7.336000,t1leva
438,1573459385053,2.256000,-4.843000,2.669000,t1leva
439,1573459385074,6.323000,-4.313000,-0.460000,t1leva
440,1573459385094,3.245000,-5.427000,-4.420000,t1leva
441,1573459385114,-4.814000,-7.120000,-3.331000,t1leva
442,1573459385135,-7.878000,-6.841000,-1.474000,t1leva
443,1573459385153,-6.517000,-6.353000,3.543000,t1leva
444,1573459385219,16.643000,-9.089000,-7.538000,t1leva
445,1573459385285,6.695000,-5.678000,-7.514000,t1leva
446,1573459385352,5.110000,-19.600000,-1.396000,t1leva
447,1573459385417,-2.684000,-5.945000,-1.718000,t1leva
448,1573459385484,1.983000,-10.993000,-6.102000,t1leva
449,1573459385550,1.500000,-6.158000,-2.135000,t1leva
450,1573459385615,0.967000,-10.753000,0.854000,t1leva
451,1573459385682,6.683000,-8.028000,-0.348000,t1leva
452,1573459385748,9.261000,-11.226000,-6.215000,t1leva
453,1573459385813,6.779000,-8.801000,1.523000,t1leva
454,1573459385880,5.497000,-7.956000,-2.153000,t1leva
455,1573459385946,-1.491000,-19.600000,-5.984000,t1leva
456,1573459386012,-0.738000,-3.977000,14.203000,t1leva
457,1573459386078,4.310000,-4.843000,-5.444000,t1leva
458,1573459386144,-8.031000,-7.175000,3.302000,t1leva
459,1573459386209,17.034000,-5.968000,-11.362000,t1leva
460,1573459386276,12.323000,-5.964000,-4.206000,t1leva
461,1573459386342,5.415000,-19.600000,6.666000,t1leva
462,1573459386408,-0.820000,-8.023000,-2.644000,t1leva
463,1573459386474,2.930000,-10.989000,-5.560000,t1leva
464,1573459386540,1.156000,-5.725000,-2.804000,t1leva
465,1573459386606,1.056000,-11.719000,-0.365000,t1leva
466,1573459386672,7.675000,-6.649000,4.178000,t1leva
467,1573459386737,8.569000,-11.270000,-4.716000,t1leva
468,1573459386804,7.106000,-10.284000,-2.105000,t1leva
469,1573459386869,3.919000,-5.725000,-2.342000,t1leva
470,1573459386936,5.697000,-19.600000,-4.445000,t1leva
471,1573459387001,-0.621000,-6.346000,14.369000,t1leva
472,1573459387069,3.561000,-4.514000,4.384000,t1leva
473,1573459387134,-7.984000,-6.226000,-2.027000,t1leva
474,1573459387199,8.337000,-7.587000,4.244000,t1leva
475,1573459387266,15.293000,-5.390000,-2.591000,t1leva
476,1573459387331,-0.402000,-19.600000,14.066000,t1leva
477,1573459387398,-2.628000,-7.415000,-2.625000,t1leva
478,1573459387463,2.115000,-11.400000,-4.728000,t1leva
479,1573459387531,2.360000,-7.091000,-2.221000,t1leva
480,1573459387596,2.159000,-9.672000,-1.990000,t1leva
481,1573459387662,-0.967000,-7.441000,2.748000,t1leva
482,1573459387727,8.965000,-10.681000,-4.494000,t1leva
483,1573459387793,8.524000,-10.232000,-5.464000,t1leva
484,1573459387860,5.083000,-7.832000,-2.442000,t1leva
485,1573459387925,3.934000,-19.600000,-1.992000,t1leva
486,1573459387992,-2.075000,-9.134000,0.788000,t1leva
487,1573459388058,2.460000,-4.695000,2.583000,t1leva
488,1573459388124,-7.208000,-6.344000,-1.752000,t1leva
489,1573459388189,8.895000,-6.526000,0.628000,t1leva
490,1573459388255,15.418000,-12.051000,-0.265000,t1leva
491,1573459388322,1.305000,-19.600000,13.257000,t1leva
492,1573459388387,-5.909000,-6.918000,-3.502000,t1leva
493,1573459388454,4.457000,-11.135000,-8.384000,t1leva
494,1573459388519,1.824000,-7.158000,-0.982000,t1leva
495,1573459388587,0.660000,-9.039000,1.177000,t1leva
496,1573459388651,0.152000,-7.510000,-3.634000,t1leva
497,1573459388718,9.800000,-10.724000,-6.521000,t1leva
498,1573459388783,8.482000,-10.336000,-2.014000,t1leva
499,1573459388849,5.926000,-6.552000,-1.673000,t1leva
500,1573459388916,4.877000,-19.600000,-2.805000,t1leva
501,1573459388982,-2.219000,-15.106000,-3.354000,t1leva
502,1573459389048,0.803000,-3.869000,0.035000,t1leva
503,1573459389114,-3.426000,-6.427000,-4.498000,t1leva
504,1573459389179,9.358000,-6.946000,0.124000,t1leva
505,1573459389247,12.743000,-12.485000,-3.112000,t1leva
506,1573459389312,-0.844000,-19.600000,19.600000,t1leva
507,1573459389378,-7.444000,-6.810000,1.089000,t1leva
508,1573459389444,3.591000,-12.512000,-4.367000,t1leva
509,1573459389510,2.773000,-6.953000,-1.855000,t1leva
510,1573459389576,1.536000,-7.101000,-0.856000,t1leva
511,1573459389641,-0.660000,-8.679000,-2.395000,t1leva
512,1573459389708,7.279000,-7.535000,-1.933000,t1leva
513,1573459389773,6.564000,-9.586000,-2.836000,t1leva
514,1573459389840,7.720000,-7.404000,-0.150000,t1leva
515,1573459389906,4.955000,-17.743999,0.203000,t1leva
516,1573459389972,-2.640000,-19.600000,-5.686000,t1leva
517,1573459390038,-0.028000,-3.496000,-0.022000,t1leva
518,1573459390104,-0.659000,-7.233000,-4.739000,t1leva
519,1573459390170,0.464000,-7.076000,10.648000,t1leva
520,1573459390236,15.814000,-5.369000,-8.610000,t1leva
521,1573459390301,8.587000,-5.365000,-7.238000,t1leva
522,1573459390367,0.095000,-19.600000,-2.932000,t1leva
523,1573459390434,-2.652000,-6.337000,-3.644000,t1leva
524,1573459390499,1.875000,-10.841000,-5.647000,t1leva
525,1573459390566,1.857000,-6.173000,-2.413000,t1leva
526,1573459390632,0.274000,-10.986000,4.936000,t1leva
527,1573459390698,6.888000,-7.576000,1.224000,t1leva
528,1573459390764,7.630000,-9.394000,-2.651000,t1leva
529,1573459390829,5.351000,-9.881000,1.989000,t1leva
530,1573459390897,7.400000,-12.572000,-0.924000,t1leva
531,1573459390962,0.842000,-19.600000,-5.942000,t1leva
532,1573459391027,-1.555000,-9.189000,-0.254000,t1leva
533,1573459391094,1.223000,-6.186000,-3.524000,t1leva
534,1573459391160,-7.386000,-7.306000,0.086000,t1leva
535,1573459391228,13.252000,-5.483000,-10.840000,t1leva
536,1573459391293,15.382000,-5.402000,-1.788000,t1leva
537,1573459391357,6.277000,-19.600000,5.756000,t1leva
538,1573459391424,-6.344000,-6.927000,-4.128000,t1leva
539,1573459391489,1.673000,-11.480000,-3.426000,t1leva
540,1573459391556,2.173000,-6.338000,-2.081000,t1leva
541,1573459391622,0.536000,-12.156000,0.609000,t1leva
542,1573459391688,4.967000,-6.920000,-1.404000,t1leva
543,1573459391754,8.521000,-10.201000,-6.166000,t1leva
544,1573459391820,4.029000,-11.780000,4.574000,t1leva
545,1573459391886,5.930000,-5.322000,-1.021000,t1leva
546,1573459391951,4.658000,-19.600000,-2.848000,t1leva
547,1573459392018,-2.046000,-16.052999,-1.961000,t1leva
548,1573459392084,1.940000,-4.352000,1.238000,t1leva
549,1573459392150,-5.638000,-7.389000,-6.836000,t1leva
550,1573459392216,6.270000,-8.007000,3.324000,t1leva
551,1573459392282,19.542000,-13.253000,-5.817000,t1leva
552,1573459392347,-0.983000,-10.828000,3.460000,t1leva
553,1573459392414,-6.966000,-6.957000,-0.110000,t1leva
554,1573459392479,1.834000,-11.576000,-4.047000,t1leva
555,1573459392545,0.871000,-7.502000,-2.197000,t1leva
556,1573459392612,0.267000,-6.424000,-3.249000,t1leva
557,1573459392678,-0.403000,-8.268000,-0.025000,t1leva
558,1573459392744,6.088000,-7.671000,-1.553000,t1leva
559,1573459392809,9.073000,-11.030000,-4.236000,t1leva
560,1573459392876,6.627000,-8.123000,-1.855000,t1leva
561,1573459392942,5.218000,-17.951000,-0.742000,t1leva
562,1573459393007,-2.128000,-19.600000,-4.262000,t1leva
563,1573459393074,0.282000,-4.299000,2.596000,t1leva
564,1573459393140,0.858000,-6.228000,-5.740000,t1leva
565,1573459393206,-6.431000,-7.288000,5.105000,t1leva
566,1573459393272,18.915001,-8.006000,-6.753000,t1leva
567,1573459393337,6.245000,-8.129000,-7.260000,t1leva
568,1573459393404,-5.274000,-8.122000,-0.970000,t1leva
569,1573459393470,1.535000,-10.829000,-1.669000,t1leva
570,1573459393537,2.113000,-9.073000,-2.278000,t1leva
571,1573459393603,1.006000,-5.599000,-0.826000,t1leva
572,1573459393668,-0.434000,-9.848000,1.427000,t1leva
573,1573459393735,5.882000,-7.557000,1.271000,t1leva
574,1573459393800,9.329000,-12.363000,-4.318000,t1leva
575,1573459393865,5.150000,-10.235000,7.290000,t1leva
576,1573459393932,4.839000,-6.593000,-1.844000,t1leva
577,1573459393997,1.727000,-19.600000,-6.380000,t1leva
578,1573459394064,-2.099000,-9.370000,-0.622000,t1leva
579,1573459394129,2.700000,-4.879000,-1.709000,t1leva
580,1573459394196,-6.960000,-7.280000,-1.039000,t1leva
581,1573459394262,10.516000,-4.699000,-11.281000,t1leva
582,1573459394328,15.683000,-7.256000,-0.556000,t1leva
583,1573459394394,2.712000,-19.600000,5.002000,t1leva
584,1573459394460,-4.085000,-6.822000,-1.067000,t1leva
585,1573459394526,4.176000,-11.056000,-4.315000,t1leva
586,1573459394592,0.795000,-7.089000,-2.173000,t1leva
587,1573459394657,0.107000,-9.597000,-2.191000,t1leva
588,1573459394724,0.531000,-7.730000,-1.344000,t1leva
589,1573459394790,6.712000,-8.558000,-1.480000,t1leva
590,1573459394857,10.025000,-9.955000,-2.516000,t1leva
591,1573459394922,6.488000,-8.484000,-1.622000,t1leva
592,1573459394988,0.553000,-19.600000,-4.512000,t1leva
593,1573459395054,-5.565000,-10.635000,14.195000,t1leva
594,1573459395120,3.546000,-4.868000,5.030000,t1leva
595,1573459395186,-4.508000,-7.367000,-2.782000,t1leva
596,1573459395252,5.990000,-5.997000,9.706000,t1leva
597,1573459395317,14.838000,-11.215000,-0.670000,t1leva
598,1573459395384,-2.300000,-17.624001,8.036000,t1leva
599,1573459395449,-6.211000,-5.517000,-2.165000,t1leva
600,1573459395517,2.745000,-10.308000,-2.861000,t1leva
601,1573459395581,2.011000,-8.650000,-2.930000,t1leva
602,1573459395648,2.018000,-5.927000,-3.047000,t1leva
603,1573459395714,-1.759000,-8.581000,6.573000,t1leva
604,1573459395779,6.758000,-8.010000,-0.453000,t1leva
605,1573459395846,8.789000,-10.421000,-3.304000,t1leva
606,1573459395912,6.506000,-6.829000,-1.109000,t1leva
607,1573459395978,5.190000,-15.334000,-0.281000,t1leva
608,1573459396044,-2.592000,-18.143999,-2.770000,t1leva
609,1573459396110,-0.809000,-4.685000,1.484000,t1leva
610,1573459396175,-2.731000,-7.372000,-7.742000,t1leva
611,1573459396242,-0.808000,-7.417000,12.775000,t1leva
612,1573459396308,19.600000,-13.640000,-3.399000,t1leva
613,1573459396374,3.333000,-16.903999,-2.318000,t1leva
614,1573459396440,-6.804000,-5.834000,-0.939000,t1leva
615,1573459396506,3.833000,-11.685000,-4.637000,t1leva
616,1573459396572,1.398000,-9.879000,-1.476000,t1leva
617,1573459396637,0.290000,-7.924000,-2.115000,t1leva
618,1573459396703,-1.028000,-10.467000,6.055000,t1leva
619,1573459396769,8.668000,-7.097000,-1.775000,t1leva
620,1573459396837,10.300000,-9.992000,-0.936000,t1leva
621,1573459396902,6.500000,-7.206000,-0.321000,t1leva
622,1573459396967,6.207000,-14.107000,-0.908000,t1leva
623,1573459397034,-3.362000,-19.434000,-4.966000,t1leva
624,1573459397101,1.764000,0.691000,19.600000,t1leva
625,1573459397166,1.211000,-5.254000,-4.745000,t1leva
626,1573459397232,-1.915000,-9.897000,9.258000,t1leva
627,1573459397298,15.778000,-7.882000,-7.141000,t1leva
628,1573459397364,1.823000,-12.297000,-3.317000,t1leva
629,1573459397430,-2.873000,-13.347000,3.778000,t1leva
630,1573459397496,1.331000,-12.126000,-3.733000,t1leva
631,1573459397561,2.490000,-9.441000,-5.507000,t1leva
632,1573459397627,0.826000,-7.269000,-0.908000,t1leva
633,1573459397693,-1.115000,-10.646000,3.873000,t1leva
634,1573459397759,7.794000,-6.833000,0.305000,t1leva
635,1573459397826,11.191000,-11.284000,-1.490000,t1leva
636,1573459397891,6.871000,-8.087000,1.768000,t1leva
637,1573459397958,4.263000,-18.365000,-1.436000,t1leva
638,1573459398024,-1.225000,-19.537001,-4.112000,t1leva
639,1573459398090,2.647000,-2.190000,15.253000,t1leva
640,1573459398156,-0.110000,-6.446000,-5.975000,t1leva
641,1573459398222,2.910000,-7.554000,8.584000,t1leva
642,1573459398289,18.014999,-11.389000,-4.412000,t1leva
643,1573459398354,0.021000,-16.141001,0.010000,t1leva
644,1573459398419,-5.991000,-10.444000,0.625000,t1leva
645,1573459398486,2.090000,-12.176000,-4.734000,t1leva
646,1573459398552,1.552000,-8.767000,-4.350000,t1leva
647,1573459398618,2.720000,-8.142000,-2.505000,t1leva
648,1573459398684,-1.167000,-8.831000,8.796000,t1leva
649,1573459398750,7.314000,-8.032000,0.020000,t1leva
650,1573459398815,5.952000,-9.477000,-4.124000,t1leva
651,1573459398882,6.798000,-9.741000,1.998000,t1leva
652,1573459398947,5.912000,-13.876000,0.994000,t1leva
653,1573459399014,-2.256000,-19.600000,-6.509000,t1leva
654,1573459399080,-1.119000,-4.393000,5.603000,t1leva
655,1573459399146,5.150000,-5.680000,-4.142000,t1leva
656,1573459399216,-2.484000,-6.259000,12.725000,t1leva
657,1573459399277,18.462999,-6.917000,-9.412000,t1leva
658,1573459399344,1.404000,-6.974000,-7.554000,t1leva
659,1573459399410,8.083000,-19.600000,-2.510000,t1leva
660,1573459399476,-3.957000,-3.945000,-0.496000,t1leva
661,1573459399541,0.434000,-10.908000,-3.959000,t1leva
662,1573459399608,1.037000,-5.846000,-3.466000,t1leva
663,1573459399673,0.616000,-10.986000,1.866000,t1leva
664,1573459399739,5.381000,-7.406000,-1.869000,t1leva
665,1573459399806,10.707000,-11.210000,-2.766000,t1leva
666,1573459399872,4.433000,-11.254000,-0.955000,t1leva
667,1573459399938,5.006000,-7.649000,-1.469000,t1leva
668,1573459400004,3.023000,-19.600000,-5.178000,t1leva
669,1573459400070,-2.566000,-12.022000,0.355000,t1leva
670,1573459400136,6.324000,-4.266000,1.545000,t1leva
671,1573459400202,-8.226000,-6.913000,-6.503000,t1leva
672,1573459400267,10.906000,-5.249000,-5.917000,t1leva
673,1573459400334,11.782000,-11.137000,-1.884000,t1leva
674,1573459400400,1.358000,-19.600000,7.933000,t1leva
675,1573459400466,-4.127000,-5.560000,-0.551000,t1leva
676,1573459400533,3.058000,-9.964000,-7.267000,t1leva
677,1573459400597,0.063000,-6.950000,-1.895000,t1leva
678,1573459400665,0.614000,-9.296000,-0.785000,t1leva
679,1573459400730,1.178000,-7.777000,0.002000,t1leva
680,1573459400797,5.190000,-8.641000,-1.469000,t1leva
681,1573459400862,6.349000,-11.085000,-6.433000,t1leva
682,1573459400928,8.287000,-8.094000,4.647000,t1leva
683,1573459400994,4.768000,-15.540000,-0.095000,t1leva
684,1573459401059,-2.406000,-19.600000,-5.720000,t1leva
685,1573459401126,0.522000,-2.906000,14.454000,t1leva
686,1573459401192,4.943000,-5.343000,-4.244000,t1leva
687,1573459401257,-1.363000,-7.998000,13.674000,t1leva
688,1573459401324,17.556000,-7.951000,-7.021000,t1leva
689,1573459401390,1.783000,-13.323000,-5.737000,t1leva
690,1573459401456,-1.865000,-14.437000,-0.537000,t1leva
691,1573459401522,0.050000,-7.430000,-1.683000,t1leva
692,1573459401588,2.717000,-8.890000,-5.360000,t1leva
693,1573459401655,1.771000,-6.237000,-0.136000,t1leva
694,1573459401720,1.109000,-9.734000,0.221000,t1leva
695,1573459401786,2.145000,-8.578000,2.578000,t1leva
696,1573459401852,7.252000,-10.964000,-3.561000,t1leva
697,1573459401918,5.841000,-11.342000,0.400000,t1leva
698,1573459401984,4.803000,-7.359000,-1.331000,t1leva
699,1573459402049,3.831000,-17.336000,-0.658000,t1leva
700,1573459402116,-1.916000,-11.559000,-1.049000,t1leva
701,1573459402181,4.304000,-4.839000,8.519000,t1leva
702,1573459402247,-4.484000,-7.779000,-4.632000,t1leva
703,1573459402314,8.817000,-6.555000,3.811000,t1leva
704,1573459402380,14.146000,-13.985000,-4.982000,t1leva
705,1573459402445,-0.128000,-18.412001,-1.575000,t1leva
706,1573459402512,-5.743000,-8.691000,1.724000,t1leva
707,1573459402577,3.668000,-11.612000,-6.254000,t1leva
708,1573459402644,1.408000,-8.942000,-3.502000,t1leva
709,1573459402709,1.773000,-8.387000,-2.063000,t1leva
710,1573459402775,1.063000,-9.002000,1.917000,t1leva
711,1573459402842,7.390000,-8.021000,-2.708000,t1leva
712,1573459402907,6.534000,-10.459000,-3.145000,t1leva
713,1573459402974,7.013000,-8.477000,4.319000,t1leva
714,1573459403040,6.097000,-15.313000,-1.358000,t1leva
715,1573459403105,-2.039000,-19.600000,-6.433000,t1leva
716,1573459403172,0.473000,-3.487000,11.418000,t1leva
717,1573459403238,4.561000,-6.337000,-5.847000,t1leva
718,1573459403304,-1.335000,-7.732000,10.077000,t1leva
719,1573459403369,15.622000,-5.018000,-8.978000,t1leva
720,1573459403436,4.493000,-7.783000,-5.145000,t1leva
721,1573459403501,4.218000,-19.600000,1.189000,t1leva
722,1573459403569,0.693000,-8.661000,-1.064000,t1leva
723,1573459403634,1.545000,-11.302000,-5.000000,t1leva
724,1573459403699,0.223000,-6.181000,-3.579000,t1leva
725,1573459403765,-0.454000,-10.030000,5.145000,t1leva
726,1573459403832,6.323000,-7.810000,3.292000,t1leva
727,1573459403898,7.726000,-12.169000,-6.792000,t1leva
728,1573459403964,4.771000,-10.993000,0.067000,t1leva
729,1573459404029,4.758000,-10.290000,-1.751000,t1leva
730,1573459404096,1.361000,-19.600000,-3.219000,t1leva
731,1573459404162,-2.190000,-7.251000,1.241000,t1leva
732,1573459404227,4.204000,-6.803000,-0.384000,t1leva
733,1573459404293,-5.926000,-7.443000,-4.684000,t1leva
734,1573459404359,10.116000,-6.471000,-0.701000,t1leva
735,1573459404425,13.012000,-12.979000,-4.405000,t1leva
736,1573459404492,2.532000,-19.600000,9.084000,t1leva
737,1573459404557,-5.046000,-7.785000,0.936000,t1leva
738,1573459404623,4.362000,-10.599000,-5.817000,t1leva
739,1573459404690,0.061000,-7.939000,-2.853000,t1leva
740,1573459404756,0.852000,-9.897000,1.542000,t1leva
741,1573459404822,0.186000,-9.210000,0.859000,t1leva
742,1573459404887,5.744000,-8.697000,-1.609000,t1leva
743,1573459404953,7.572000,-9.201000,-2.766000,t1leva
744,1573459405022,6.005000,-7.568000,-1.364000,t1leva
745,1573459405085,5.706000,-14.317000,-1.794000,t1leva
746,1573459405152,-1.204000,-19.600000,-4.963000,t1leva
747,1573459405218,0.030000,-3.798000,11.574000,t1leva
748,1573459405283,5.504000,-8.070000,-1.430000,t1leva
749,1573459405350,-5.876000,-7.450000,3.969000,t1leva
750,1573459405416,14.913000,-4.024000,-12.825000,t1leva
751,1573459405482,8.271000,-6.141000,-4.301000,t1leva
752,1573459405548,3.652000,-19.600000,8.055000,t1leva
753,1573459405614,-0.659000,-7.206000,-1.507000,t1leva
754,1573459405680,2.705000,-11.022000,-6.152000,t1leva
755,1573459405745,0.641000,-7.013000,-3.289000,t1leva
756,1573459405812,1.211000,-10.875000,2.146000,t1leva
757,1573459405878,2.717000,-8.214000,1.526000,t1leva
758,1573459405944,6.734000,-11.331000,-6.566000,t1leva
759,1573459406010,6.661000,-10.491000,-1.559000,t1leva
760,1573459406076,5.415000,-6.072000,-0.758000,t1leva
761,1573459406141,3.921000,-18.351999,-0.018000,t1leva
762,1573459406208,-3.534000,-12.848000,1.217000,t1leva
763,1573459406274,1.277000,-5.287000,1.636000,t1leva
764,1573459406340,0.468000,-6.826000,-5.750000,t1leva
765,1573459406407,5.014000,-8.102000,14.819000,t1leva
766,1573459406471,19.600000,-9.769000,-3.796000,t1leva
767,1573459406538,-3.044000,-6.865000,-1.092000,t1leva
768,1573459406603,7.971000,-19.600000,-3.313000,t1leva
769,1573459406670,0.791000,-7.510000,0.585000,t1leva
770,1573459406736,0.803000,-10.293000,-4.111000,t1leva
771,1573459406802,0.985000,-7.767000,-2.204000,t1leva
772,1573459406868,0.425000,-10.228000,3.142000,t1leva
773,1573459406934,6.265000,-6.865000,-1.825000,t1leva
774,1573459407000,7.342000,-11.863000,-4.349000,t1leva
775,1573459407065,7.983000,-9.968000,4.181000,t1leva
776,1573459407132,6.073000,-12.928000,-2.209000,t1leva
777,1573459407198,-0.035000,-19.600000,-6.999000,t1leva
778,1573459407263,-2.247000,-4.292000,6.564000,t1leva
779,1573459407330,5.899000,-5.422000,0.227000,t1leva
780,1573459407396,-5.752000,-6.925000,3.790000,t1leva
781,1573459407461,12.642000,-4.537000,-11.252000,t1leva
782,1573459407527,9.667000,-5.046000,-3.600000,t1leva
783,1573459407594,3.595000,-19.600000,5.852000,t1leva
784,1573459407659,-3.250000,-6.581000,-2.465000,t1leva
785,1573459407726,1.914000,-11.647000,-5.474000,t1leva
786,1573459407796,2.071000,-6.884000,-0.464000,t1leva
787,1573459407858,0.893000,-9.990000,-1.005000,t1leva
788,1573459407924,-0.895000,-8.595000,2.851000,t1leva
789,1573459407990,6.191000,-9.719000,-4.649000,t1leva
790,1573459408056,8.283000,-11.682000,-4.030000,t1leva
791,1573459408121,6.048000,-6.275000,-0.410000,t1leva
792,1573459408187,4.604000,-19.600000,-1.155000,t1leva
793,1573459408254,-2.316000,-12.252000,-0.841000,t1leva
794,1573459408320,-0.841000,-4.180000,2.885000,t1leva
795,1573459408385,2.595000,-5.681000,-3.154000,t1leva
796,1573459408452,3.183000,-7.842000,14.395000,t1leva
797,1573459408518,16.895000,-10.483000,-6.782000,t1leva
798,1573459408584,0.355000,-13.024000,-5.074000,t1leva
799,1573459408650,0.662000,-14.831000,-3.960000,t1leva
800,1573459408716,2.191000,-9.664000,-3.557000,t1leva
801,1573459408782,1.962000,-10.154000,-5.865000,t1leva
802,1573459408847,1.934000,-8.079000,-0.297000,t1leva
803,1573459408914,0.666000,-9.607000,2.640000,t1leva
804,1573459408980,6.490000,-7.420000,-0.226000,t1leva
805,1573459409046,9.661000,-10.260000,-0.289000,t1leva
806,1573459409112,7.396000,-9.460000,2.832000,t1leva
807,1573459409178,4.963000,-10.129000,-2.540000,t1leva
808,1573459409244,1.359000,-19.600000,-6.067000,t1leva
809,1573459409310,-2.467000,-6.668000,2.874000,t1leva
810,1573459409376,2.017000,-4.733000,1.183000,t1leva
811,1573459409442,-6.669000,-8.372000,1.098000,t1leva
812,1573459409507,10.112000,-5.491000,-6.533000,t1leva
813,1573459409575,13.213000,-4.598000,-1.706000,t1leva
814,1573459409639,1.847000,-19.600000,15.742000,t1leva
815,1573459409707,-2.509000,-5.601000,-3.284000,t1leva
816,1573459409772,2.424000,-12.213000,-5.936000,t1leva
817,1573459409838,1.792000,-7.083000,-0.480000,t1leva
818,1573459409903,0.079000,-10.687000,0.646000,t1leva
819,1573459409970,1.216000,-8.382000,-2.179000,t1leva
820,1573459410036,7.512000,-9.979000,-5.274000,t1leva
821,1573459410102,8.006000,-10.672000,-2.871000,t1leva
822,1573459410168,4.740000,-6.959000,-2.106000,t1leva
823,1573459410233,4.246000,-19.124001,-1.326000,t1leva
824,1573459410299,-2.753000,-11.555000,-1.092000,t1leva
825,1573459410366,2.576000,-4.148000,4.070000,t1leva
826,1573459410432,-6.984000,-8.823000,-4.070000,t1leva
827,1573459410497,-0.639000,-7.646000,7.420000,t1leva
828,1573459410565,18.091999,-17.483999,-1.987000,t1leva
829,1573459410630,1.400000,-12.613000,-5.957000,t1leva
830,1573459410695,-5.725000,-10.370000,4.725000,t1leva
831,1573459410762,2.325000,-12.334000,-2.364000,t1leva
832,1573459410827,3.545000,-8.781000,-4.944000,t1leva
833,1573459410893,3.517000,-5.956000,1.791000,t1leva
834,1573459410960,2.120000,-9.417000,-3.890000,t1leva
835,1573459411026,2.261000,-8.044000,0.881000,t1leva
836,1573459411092,9.065000,-11.386000,-7.383000,t1leva
837,1573459411158,9.647000,-8.847000,8.753000,t1leva
838,1573459411223,5.075000,-7.861000,-2.464000,t1leva
839,1573459411290,3.013000,-19.600000,-3.378000,t1leva
840,1573459411356,-1.664000,-7.059000,-0.196000,t1leva
841,1573459411422,1.637000,-4.347000,0.746000,t1leva
842,1573459411488,-8.422000,-8.392000,2.246000,t1leva
843,1573459411554,8.095000,-5.037000,-2.214000,t1leva
844,1573459411619,13.656000,-6.663000,-1.049000,t1leva
845,1573459411686,-0.165000,-19.600000,16.372000,t1leva
846,1573459411751,-4.336000,-6.665000,-3.374000,t1leva
847,1573459411818,2.745000,-12.084000,-4.808000,t1leva
848,1573459411884,1.600000,-6.465000,-0.488000,t1leva
849,1573459411950,0.632000,-10.605000,0.305000,t1leva
850,1573459412016,0.449000,-7.753000,-1.232000,t1leva
851,1573459412082,8.653000,-9.521000,-3.826000,t1leva
852,1573459412148,8.779000,-11.669000,-1.481000,t1leva
853,1573459412213,5.259000,-7.824000,-1.355000,t1leva
854,1573459412279,3.361000,-19.600000,-3.696000,t1leva
855,1573459412345,-2.286000,-8.698000,-1.859000,t1leva
856,1573459412411,4.987000,-4.587000,0.729000,t1leva
857,1573459412478,-6.610000,-6.971000,2.363000,t1leva
858,1573459412544,11.244000,-4.622000,-3.340000,t1leva
859,1573459412610,7.668000,-6.599000,-3.178000,t1leva
860,1573459412675,1.167000,-19.600000,8.895000,t1leva
861,1573459412742,-5.273000,-5.865000,-0.634000,t1leva
862,1573459412807,2.605000,-11.529000,-4.928000,t1leva
863,1573459412874,1.045000,-7.245000,-1.222000,t1leva
864,1573459412939,0.482000,-10.337000,-0.199000,t1leva
865,1573459413005,0.005000,-8.466000,1.052000,t1leva
866,1573459413071,10.462000,-10.565000,-4.084000,t1leva
867,1573459413137,9.240000,-10.976000,-2.803000,t1leva
868,1573459413204,5.642000,-6.935000,-1.625000,t1leva
869,1573459413270,3.867000,-19.600000,-3.368000,t1leva
870,1573459413335,-2.245000,-15.931000,-2.276000,t1leva
871,1573459413402,1.535000,-5.096000,0.433000,t1leva
872,1573459413467,-3.609000,-6.640000,-5.168000,t1leva
873,1573459413534,8.376000,-6.695000,5.954000,t1leva
874,1573459413599,16.361000,-13.787000,-3.867000,t1leva
875,1573459413666,1.296000,-19.600000,12.549000,t1leva
876,1573459413732,-6.762000,-6.848000,-0.987000,t1leva
877,1573459413797,2.918000,-10.913000,-6.277000,t1leva
878,1573459413864,0.918000,-7.350000,-3.778000,t1leva
879,1573459413930,-0.132000,-9.848000,3.577000,t1leva
880,1573459413996,2.243000,-8.743000,-0.195000,t1leva
881,1573459414062,8.624000,-8.729000,-0.945000,t1leva
882,1573459414128,6.685000,-8.949000,-0.900000,t1leva
883,1573459414194,4.624000,-9.294000,3.584000,t1leva
884,1573459414260,4.577000,-13.697000,-1.213000,t1leva
885,1573459414326,-1.486000,-19.600000,-5.725000,t1leva
886,1573459414391,1.555000,-2.899000,13.037000,t1leva
887,1573459414458,5.001000,-5.829000,-2.549000,t1leva
888,1573459414523,-5.594000,-7.859000,6.460000,t1leva
889,1573459414590,13.845000,-5.075000,-10.929000,t1leva
890,1573459414655,4.404000,-5.896000,-4.228000,t1leva
891,1573459414723,6.108000,-19.600000,2.304000,t1leva
892,1573459414787,-4.463000,-5.844000,-2.131000,t1leva
893,1573459414854,1.794000,-12.797000,-4.650000,t1leva
894,1573459414920,2.510000,-6.283000,-0.734000,t1leva
895,1573459414986,0.811000,-10.407000,-1.381000,t1leva
896,1573459415052,0.090000,-7.473000,0.649000,t1leva
897,1573459415117,9.228000,-11.469000,-7.882000,t1leva
898,1573459415183,5.107000,-10.920000,4.454000,t1leva
899,1573459415249,6.331000,-8.687000,-1.697000,t1leva
900,1573459415316,1.454000,-19.600000,-7.475000,t1leva
901,1573459415382,0.492000,-3.207000,17.712000,t1leva
902,1573459415448,2.567000,-3.572000,-1.671000,t1leva
903,1573459415514,-1.926000,-6.049000,-5.290000,t1leva
904,1573459415580,8.091000,-7.581000,-1.940000,t1leva
905,1573459415648,16.601000,-13.056000,-5.367000,t1leva
906,1573459415712,2.355000,-19.600000,1.484000,t1leva
907,1573459415777,-7.324000,-7.096000,-1.305000,t1leva
908,1573459415844,3.664000,-11.847000,-8.037000,t1leva
909,1573459415909,1.454000,-6.599000,-1.999000,t1leva
910,1573459415976,0.765000,-10.355000,-1.174000,t1leva
911,1573459416042,0.126000,-8.384000,1.932000,t1leva
912,1573459416108,7.710000,-9.956000,-3.036000,t1leva
913,1573459416173,10.177000,-11.930000,-5.840000,t1leva
914,1573459416239,6.791000,-6.340000,0.238000,t1leva
915,1573459416306,4.800000,-19.600000,-2.553000,t1leva
916,1573459416371,-2.652000,-18.263000,-3.884000,t1leva
917,1573459416438,0.427000,-4.488000,1.622000,t1leva
918,1573459416504,-2.555000,-6.149000,-7.728000,t1leva
919,1573459416569,6.045000,-8.385000,10.178000,t1leva
920,1573459416637,19.504000,-13.619000,-4.663000,t1leva
921,1573459416702,-0.133000,-19.600000,8.257000,t1leva
922,1573459416767,-8.781000,-7.592000,-0.333000,t1leva
923,1573459416834,2.402000,-12.397000,-3.860000,t1leva
924,1573459416900,2.065000,-7.172000,-1.509000,t1leva
925,1573459416965,1.721000,-6.913000,-3.216000,t1leva
926,1573459417032,-0.061000,-8.372000,3.110000,t1leva
927,1573459417097,5.656000,-7.355000,1.748000,t1leva
928,1573459417164,11.316000,-10.268000,-3.088000,t1leva
929,1573459417232,5.728000,-7.656000,1.233000,t1leva
930,1573459417295,6.344000,-19.305000,-1.543000,t1leva
931,1573459417362,-1.795000,-19.593000,-4.258000,t1leva
932,1573459417427,0.037000,-4.119000,7.409000,t1leva
933,1573459417494,2.078000,-3.886000,-5.016000,t1leva
934,1573459417560,4.915000,-10.227000,9.201000,t1leva
935,1573459417625,17.613001,-11.396000,-5.518000,t1leva
936,1573459417691,2.188000,-6.126000,-5.108000,t1leva
937,1573459417759,0.038000,-11.158000,2.590000,t1leva
938,1573459417823,-2.139000,-7.723000,-1.920000,t1leva
939,1573459417889,1.113000,-8.499000,-5.186000,t1leva
940,1573459417956,-0.593000,-7.301000,-3.873000,t1leva
941,1573459418021,0.751000,-9.455000,2.540000,t1leva
942,1573459418087,6.232000,-7.388000,1.061000,t1leva
943,1573459418154,8.321000,-10.169000,-6.843000,t1leva
944,1573459418223,5.369000,-9.037000,3.030000,t1leva
945,1573459418285,6.581000,-9.613000,-2.592000,t1leva
946,1573459418351,-2.473000,-19.600000,-4.719000,t1leva
947,1573459418417,-2.971000,-4.425000,15.004000,t1leva
948,1573459418483,5.997000,-2.917000,-0.366000,t1leva
949,1573459418550,-8.523000,-7.219000,0.761000,t1leva
950,1573459418616,19.294001,-4.167000,-10.095000,t1leva
951,1573459418682,9.611000,-7.175000,-4.334000,t1leva
952,1573459418747,-6.115000,-10.074000,5.255000,t1leva
953,1573459418814,-0.050000,-12.532000,-2.668000,t1leva
954,1573459418880,1.398000,-8.910000,-2.779000,t1leva
955,1573459418945,1.340000,-6.219000,-2.022000,t1leva
956,1573459419012,0.891000,-10.209000,-1.179000,t1leva
957,1573459419078,2.756000,-8.225000,1.648000,t1leva
958,1573459419143,10.069000,-10.923000,-6.468000,t1leva
959,1573459419210,6.893000,-8.807000,4.224000,t1leva
960,1573459419276,6.384000,-9.851000,-2.446000,t1leva
961,1573459419342,-1.016000,-19.600000,-7.626000,t1leva
962,1573459419407,-2.821000,-6.710000,13.354000,t1leva
963,1573459419474,7.365000,-1.453000,0.001000,t1leva
964,1573459419539,-8.975000,-7.718000,-0.125000,t1leva
965,1573459419606,15.048000,-3.225000,-9.073000,t1leva
966,1573459419672,13.449000,-7.144000,-2.170000,t1leva
967,1573459419737,2.102000,-19.600000,11.186000,t1leva
968,1573459419804,-1.825000,-9.370000,-2.522000,t1leva
969,1573459419869,2.957000,-10.951000,-6.177000,t1leva
970,1573459419936,1.675000,-6.207000,-0.572000,t1leva
971,1573459420002,0.335000,-10.095000,-3.140000,t1leva
972,1573459420067,0.597000,-7.261000,-0.078000,t1leva
973,1573459420134,7.216000,-9.987000,-1.147000,t1leva
974,1573459420200,7.930000,-9.162000,-2.051000,t1leva
975,1573459420267,5.861000,-8.451000,-0.646000,t1leva
976,1573459420331,3.139000,-18.587999,-1.037000,t1leva
977,1573459420398,-2.731000,-12.912000,-0.485000,t1leva
978,1573459420464,0.676000,-5.613000,3.728000,t1leva
979,1573459420530,-5.284000,-7.149000,-5.585000,t1leva
980,1573459420596,3.843000,-7.517000,12.210000,t1leva
981,1573459420663,13.950000,-11.907000,-5.400000,t1leva
982,1573459420727,0.158000,-16.524000,-0.778000,t1leva
983,1573459420793,-6.364000,-6.705000,-0.756000,t1leva
984,1573459420860,2.171000,-12.265000,-3.047000,t1leva
985,1573459420925,1.622000,-7.746000,-2.584000,t1leva
986,1573459420992,1.623000,-7.803000,-3.947000,t1leva
987,1573459421058,-0.390000,-9.180000,7.169000,t1leva
988,1573459421124,7.455000,-8.498000,-0.370000,t1leva
989,1573459421190,7.312000,-11.393000,-5.239000,t1leva
990,1573459421255,7.273000,-9.299000,3.393000,t1leva
991,1573459421322,5.248000,-8.295000,-1.762000,t1leva
992,1573459421387,-0.071000,-19.600000,-5.903000,t1leva
993,1573459421454,-1.365000,-8.612000,-0.233000,t1leva
994,1573459421520,0.244000,-7.142000,-2.886000,t1leva
995,1573459421587,-4.971000,-8.656000,4.353000,t1leva
996,1573459421652,14.496000,-4.695000,-8.291000,t1leva
997,1573459421718,9.666000,-4.184000,-3.256000,t1leva
998,1573459421784,4.485000,-19.600000,-6.252000,t1leva
999,1573459421850,-6.353000,-8.047000,-3.277000,t1leva
1000,1573459421916,2.537000,-12.204000,-3.426000,t1leva
1001,1573459421982,3.268000,-6.654000,0.176000,t1leva
1002,1573459422047,1.761000,-7.588000,0.267000,t1leva
1003,1573459422114,-1.788000,-9.081000,-2.101000,t1leva
1004,1573459422180,7.322000,-7.968000,-2.999000,t1leva
1005,1573459422246,5.994000,-10.194000,-0.155000,t1leva
1006,1573459422312,8.787000,-8.662000,1.674000,t1leva
1007,1573459422378,2.770000,-16.384001,0.008000,t1leva
1008,1573459422444,-2.065000,-19.600000,-6.510000,t1leva
1009,1573459422510,-2.203000,-5.760000,5.312000,t1leva
1010,1573459422576,4.714000,-7.424000,-2.578000,t1leva
1011,1573459422642,-6.975000,-7.456000,0.199000,t1leva
1012,1573459422708,13.861000,-4.840000,-11.071000,t1leva
1013,1573459422774,9.538000,-6.675000,-1.056000,t1leva
1014,1573459422840,4.612000,-19.600000,4.888000,t1leva
1015,1573459422905,-5.664000,-4.696000,-1.407000,t1leva
1016,1573459422972,2.325000,-11.930000,-5.259000,t1leva
1017,1573459423038,1.805000,-6.703000,-2.582000,t1leva
1018,1573459423103,0.870000,-11.410000,-2.244000,t1leva
1019,1573459423169,-1.265000,-7.978000,3.203000,t1leva
1020,1573459423236,7.279000,-8.659000,-1.201000,t1leva
1021,1573459423302,9.608000,-10.841000,0.997000,t1leva
1022,1573459423367,6.693000,-7.285000,-0.111000,t1leva
1023,1573459423434,3.862000,-18.111000,-0.473000,t1leva
1024,1573459423500,-2.465000,-18.323999,-4.294000,t1leva
1025,1573459423566,-0.233000,-5.089000,5.456000,t1leva
1026,1573459423632,1.953000,-6.785000,-4.264000,t1leva
1027,1573459423698,2.428000,-7.316000,10.985000,t1leva
1028,1573459423764,19.600000,-9.289000,-6.387000,t1leva
1029,1573459423829,5.693000,-6.213000,-4.750000,t1leva
1030,1573459423896,-5.143000,-9.777000,-4.054000,t1leva
1031,1573459423962,0.744000,-9.882000,-1.041000,t1leva
1032,1573459424028,2.175000,-7.285000,-4.584000,t1leva
1033,1573459424094,1.043000,-6.628000,-5.788000,t1leva
1034,1573459424159,-1.264000,-7.846000,5.617000,t1leva
1035,1573459424227,6.510000,-8.076000,-0.236000,t1leva
1036,1573459424291,5.347000,-12.540000,-4.276000,t1leva
1037,1573459424358,8.704000,-10.192000,0.382000,t1leva
1038,1573459424424,6.070000,-10.979000,-1.538000,t1leva
1039,1573459424490,1.363000,-19.600000,-5.342000,t1leva
1040,1573459424557,-1.905000,-5.700000,3.719000,t1leva
1041,1573459424622,2.458000,-6.080000,-2.497000,t1leva
1042,1573459424687,-5.194000,-7.379000,-1.762000,t1leva
1043,1573459424754,10.630000,-6.538000,-1.825000,t1leva
1044,1573459424819,15.028000,-14.323000,-1.758000,t1leva
1045,1573459424885,0.266000,-19.600000,12.606000,t1leva
1046,1573459424953,-7.442000,-9.426000,-1.369000,t1leva
1047,1573459425017,1.043000,-10.900000,-3.751000,t1leva
1048,1573459425084,2.213000,-7.294000,-5.270000,t1leva
1049,1573459425150,3.056000,-8.318000,-2.988000,t1leva
1050,1573459425216,-1.095000,-9.212000,19.337999,t1leva
1051,1573459425282,8.199000,-8.063000,-0.810000,t1leva
1052,1573459425348,4.931000,-11.612000,4.805000,t1leva
1053,1573459425414,7.825000,-8.513000,2.044000,t1leva
1054,1573459425480,5.116000,-14.469000,-2.023000,t1leva
1055,1573459425547,-1.788000,-19.600000,-5.162000,t1leva
1056,1573459425612,-1.724000,-3.773000,5.279000,t1leva
1057,1573459425679,6.258000,-5.885000,-1.119000,t1leva
1058,1573459425744,-6.135000,-8.697000,6.915000,t1leva
1059,1573459425809,12.867000,-3.181000,-10.793000,t1leva
1060,1573459425876,6.025000,-5.842000,-3.661000,t1leva
1061,1573459425942,3.181000,-19.600000,1.408000,t1leva
1062,1573459426008,-3.576000,-7.584000,-1.836000,t1leva
1063,1573459426074,2.141000,-11.405000,-5.876000,t1leva
1064,1573459426139,3.459000,-5.545000,-1.576000,t1leva
1065,1573459426206,1.703000,-10.839000,0.154000,t1leva
1066,1573459426272,3.826000,-7.793000,-3.129000,t1leva
1067,1573459426339,8.619000,-11.878000,-8.646000,t1leva
1068,1573459426404,5.509000,-11.740000,-1.892000,t1leva
1069,1573459426470,5.461000,-7.660000,-1.829000,t1leva
1070,1573459426536,1.776000,-19.600000,-0.815000,t1leva
1071,1573459426602,-2.691000,-14.346000,1.571000,t1leva
1072,1573459426667,5.407000,-4.464000,3.269000,t1leva
1073,1573459426733,-4.235000,-9.525000,-5.215000,t1leva
1074,1573459426799,6.033000,-7.207000,11.526000,t1leva
1075,1573459426865,19.600000,-13.034000,-4.307000,t1leva
1076,1573459426932,-0.783000,-13.473000,-1.514000,t1leva
1077,1573459426997,-0.514000,-11.965000,-3.456000,t1leva
1078,1573459427064,3.454000,-10.504000,-3.907000,t1leva
1079,1573459427130,1.879000,-9.145000,-2.971000,t1leva
1080,1573459427196,0.623000,-8.088000,0.608000,t1leva
1081,1573459427262,-0.506000,-9.221000,2.316000,t1leva
1082,1573459427328,4.706000,-9.042000,-1.063000,t1leva
1083,1573459427394,7.970000,-11.003000,-4.551000,t1leva
1084,1573459427460,12.866000,-9.730000,-0.371000,t1leva
1085,1573459427526,5.576000,-12.274000,-2.430000,t1leva
1086,1573459427592,-0.262000,-19.600000,-8.329000,t1leva
1087,1573459427658,-4.099000,-5.257000,2.904000,t1leva
1088,1573459427724,6.116000,-4.181000,1.721000,t1leva
1089,1573459427789,-7.048000,-6.695000,1.448000,t1leva
1090,1573459427856,11.306000,-6.039000,2.348000,t1leva
1091,1573459427921,13.406000,-4.992000,-0.564000,t1leva
1092,1573459427989,-6.980000,-19.600000,19.600000,t1leva
1093,1573459428053,-5.224000,-7.920000,-3.512000,t1leva
1094,1573459428120,3.284000,-12.754000,-4.169000,t1leva
1095,1573459428186,0.659000,-8.196000,-3.206000,t1leva
1096,1573459428251,-0.505000,-9.268000,-4.116000,t1leva
1097,1573459428317,0.008000,-8.361000,2.532000,t1leva
1098,1573459428383,6.649000,-9.151000,-0.781000,t1leva
1099,1573459428449,8.481000,-10.297000,-4.266000,t1leva
1100,1573459428515,6.549000,-7.790000,-1.044000,t1leva
1101,1573459428581,4.976000,-15.646000,-1.760000,t1leva
1102,1573459428648,-2.212000,-16.572001,-3.194000,t1leva
1103,1573459428714,-2.259000,-4.458000,4.836000,t1leva
1104,1573459428780,2.262000,-6.155000,-4.268000,t1leva
1105,1573459428845,-3.154000,-8.645000,8.263000,t1leva
1106,1573459428912,14.626000,-4.268000,-10.379000,t1leva
1107,1573459428978,3.615000,-7.288000,-5.737000,t1leva
1108,1573459429044,3.342000,-19.600000,7.057000,t1leva
1109,1573459429109,0.198000,-11.402000,-1.955000,t1leva
1110,1573459429176,3.089000,-10.021000,-7.061000,t1leva
1111,1573459429242,2.511000,-6.052000,-0.663000,t1leva
1112,1573459429307,0.176000,-10.694000,0.570000,t1leva
1113,1573459429374,4.229000,-7.751000,1.375000,t1leva
1114,1573459429440,8.213000,-10.837000,-4.834000,t1leva
1115,1573459429506,9.486000,-10.979000,-2.843000,t1leva
1116,1573459429572,5.536000,-7.853000,-1.670000,t1leva
1117,1573459429637,2.366000,-19.600000,-1.154000,t1leva
1118,1573459429704,-2.681000,-10.541000,-0.108000,t1leva
1119,1573459429769,1.009000,-4.546000,4.415000,t1leva
1120,1573459429836,-7.456000,-7.980000,-2.863000,t1leva
1121,1573459429902,7.521000,-6.353000,5.193000,t1leva
1122,1573459429967,14.155000,-8.072000,1.099000,t1leva
1123,1573459430034,-2.219000,-19.600000,15.842000,t1leva
1124,1573459430099,-1.612000,-7.727000,-1.317000,t1leva
1125,1573459430166,3.860000,-10.907000,-7.342000,t1leva
1126,1573459430233,0.911000,-7.389000,-1.644000,t1leva
1127,1573459430297,0.244000,-9.559000,-0.360000,t1leva
1128,1573459430364,0.514000,-8.823000,-1.791000,t1leva
1129,1573459430429,7.252000,-9.876000,-1.596000,t1leva
1130,1573459430496,10.273000,-10.141000,-3.826000,t1leva
1131,1573459430562,4.672000,-6.826000,-0.269000,t1leva
1132,1573459430628,7.330000,-16.996000,-1.579000,t1leva
1133,1573459430694,-0.932000,-14.904000,-1.988000,t1leva
1134,1573459430760,-1.428000,-3.746000,4.643000,t1leva
1135,1573459430826,-3.451000,-5.739000,-5.783000,t1leva
1136,1573459430891,1.955000,-8.406000,10.568000,t1leva
1137,1573459430958,17.688000,-11.046000,-5.667000,t1leva
1138,1573459431023,-0.023000,-14.764000,-0.574000,t1leva
1139,1573459431090,-2.640000,-11.793000,-5.514000,t1leva
1140,1573459431156,1.726000,-11.089000,-6.616000,t1leva
1141,1573459431222,1.614000,-9.121000,-2.520000,t1leva
1142,1573459431287,1.578000,-8.056000,-0.844000,t1leva
1143,1573459431354,0.268000,-8.642000,5.031000,t1leva
1144,1573459431419,6.426000,-7.934000,0.373000,t1leva
1145,1573459431485,8.582000,-10.759000,-4.929000,t1leva
1146,1573459431552,6.680000,-10.338000,-0.416000,t1leva
1147,1573459431617,5.342000,-8.469000,-2.477000,t1leva
1148,1573459431684,1.322000,-19.600000,-5.078000,t1leva
1149,1573459431749,-2.053000,-6.054000,3.671000,t1leva
1150,1573459431817,5.564000,-4.877000,-0.199000,t1leva
1151,1573459431882,-7.032000,-7.428000,0.955000,t1leva
1152,1573459431948,8.806000,-6.542000,3.887000,t1leva
1153,1573459432013,12.109000,-5.949000,-1.828000,t1leva
1154,1573459432080,-2.828000,-19.238001,4.300000,t1leva
1155,1573459432147,-4.428000,-5.565000,-0.269000,t1leva
1156,1573459432212,3.705000,-12.989000,-3.298000,t1leva
1157,1573459432278,1.145000,-7.927000,-3.344000,t1leva
1158,1573459432344,0.628000,-9.169000,-4.878000,t1leva
1159,1573459432410,0.247000,-8.668000,4.698000,t1leva
1160,1573459432476,7.016000,-8.449000,-0.811000,t1leva
1161,1573459432541,8.283000,-10.671000,-4.099000,t1leva
1162,1573459432607,7.120000,-7.849000,1.965000,t1leva
1163,1573459432674,5.775000,-12.884000,-2.221000,t1leva
1164,1573459432740,-1.228000,-19.600000,-3.375000,t1leva
1165,1573459432806,-2.549000,-3.896000,10.314000,t1leva
1166,1573459432872,0.748000,-7.260000,-4.012000,t1leva
1167,1573459432938,-5.569000,-7.749000,4.470000,t1leva
1168,1573459433003,13.103000,-4.216000,-8.317000,t1leva
1169,1573459433068,10.107000,-6.526000,-4.514000,t1leva
1170,1573459433135,1.254000,-19.600000,11.455000,t1leva
1171,1573459433202,0.758000,-11.744000,-1.783000,t1leva
1172,1573459433267,3.120000,-10.156000,-6.821000,t1leva
1173,1573459433333,1.801000,-5.999000,-1.411000,t1leva
1174,1573459433404,0.571000,-10.378000,-1.506000,t1leva
1175,1573459433465,2.338000,-8.695000,6.791000,t1leva
1176,1573459433532,7.048000,-10.521000,-2.303000,t1leva
1177,1573459433597,8.965000,-10.011000,-1.744000,t1leva
1178,1573459433664,6.342000,-8.621000,-0.955000,t1leva
1179,1573459433730,2.138000,-16.563999,0.181000,t1leva
1180,1573459433795,-2.909000,-14.061000,0.931000,t1leva
1181,1573459433862,-1.102000,-6.092000,-1.073000,t1leva
1182,1573459433927,-0.008000,-8.697000,-2.403000,t1leva
1183,1573459433994,-2.081000,-6.458000,7.089000,t1leva
1184,1573459434060,16.135000,-10.554000,-3.281000,t1leva
1185,1573459434125,6.454000,-13.608000,-6.462000,t1leva
1186,1573459434192,-4.633000,-9.176000,-1.459000,t1leva
1187,1573459434259,3.168000,-11.935000,-3.333000,t1leva
1188,1573459434324,0.402000,-7.085000,-1.873000,t1leva
1189,1573459434390,0.074000,-8.929000,-2.888000,t1leva
1190,1573459434456,-0.877000,-9.069000,3.670000,t1leva
1191,1573459434522,5.592000,-8.734000,-1.089000,t1leva
1192,1573459434588,6.369000,-11.017000,-7.818000,t1leva
1193,1573459434654,11.290000,-8.459000,7.343000,t1leva
1194,1573459434720,6.270000,-9.998000,-1.572000,t1leva
1195,1573459434786,-1.576000,-19.600000,-7.562000,t1leva
1196,1573459434852,-2.488000,-5.649000,17.167000,t1leva
1197,1573459434918,7.671000,-5.334000,-1.823000,t1leva
1198,1573459434984,-7.190000,-6.684000,-0.732000,t1leva
1199,1573459435049,7.779000,-6.274000,9.594000,t1leva
1200,1573459435116,13.440000,-8.286000,-0.113000,t1leva
1201,1573459435182,-2.343000,-19.600000,13.589000,t1leva
1202,1573459435248,-5.019000,-7.680000,-0.682000,t1leva
1203,1573459435314,2.176000,-11.692000,-3.481000,t1leva
1204,1573459435380,1.273000,-6.331000,-1.317000,t1leva
1205,1573459435446,0.970000,-9.397000,-3.829000,t1leva
1206,1573459435512,0.953000,-6.428000,0.322000,t1leva
1207,1573459435578,8.291000,-9.727000,-3.475000,t1leva
1208,1573459435643,7.056000,-10.519000,2.255000,t1leva
1209,1573459435710,6.255000,-7.188000,-0.875000,t1leva
1210,1573459435776,3.949000,-18.985001,-2.876000,t1leva
1211,1573459435842,-2.966000,-12.971000,0.617000,t1leva
1212,1573459435908,-0.826000,-4.697000,0.065000,t1leva
1213,1573459435974,-5.124000,-7.784000,-3.352000,t1leva
1214,1573459436039,8.086000,-7.153000,11.170000,t1leva
1215,1573459436106,13.089000,-8.284000,-3.160000,t1leva
1216,1573459436171,-3.826000,-19.600000,18.951000,t1leva
